{
    "vertex": "minecraft:post/sobel",
    "fragment": "tutorial_shader:post/geometry_fade",
    "samplers": [
      {"name": "InSampler"},
      {"name": "DepthSampler"}
    ],
    "uniforms": [
      {"name": "ProjMat",          "type": "matrix4x4", "count": 16, "values": [1, 0, 0, 0, 0, 1, 0, 0, 0, 0, 1, 0, 0, 0, 0, 1]},
      {"name": "InSize",           "type": "float", "count": 2, "values": [1, 1]},
      {"name": "OutSize",          "type": "float", "count": 2, "values": [1, 1]},
      {"name": "BumpScale",        "type": "float", "count": 1, "values": [1.0]},
      {"name": "ColorSteps",       "type": "float", "count": 1, "values": [16.0]}
    ]
}