{
    "targets": {
        "0": {}
    },
    "passes": [
        {
            "program": "tutorial_shader:post/geometry_fade",
            "inputs": [
                {
                    "sampler_name": "In",
                    "target": "minecraft:main"
                },
                {
                    "sampler_name": "Depth",
                    "target": "minecraft:main",
                    "use_depth_buffer": true
                }
            ],
            "uniforms": [
                {
                    "name": "BumpScale",
                    "values": [ 0.5 ]
                }
            ],
            "output": "0"
        },
        {
            "program": "minecraft:post/blit",
            "inputs": [
                {
                    "sampler_name": "In",
                    "target": "0"
                }
            ],
            "output": "minecraft:main"
        }
    ]
}