{
    "targets": {
        "0": {},
        "1": {}
    },
    "passes": [
        {
            "program": "minecraft:post/sobel",
            "inputs": [
                {
                    "sampler_name": "In",
                    "target": "minecraft:main"
                }
            ],
            "uniforms": [
                {
                    "name": "Distance",
                    "values": [ 6.0, 4.0, 1.0, 1.0 ],
                    "override": [ "6.0", "luminance_time", "1.0", "1.0" ],
                    "config": [
                      {"name": "1_range", "values": [ 4.0, 5.0 ]},
                      {"name": "1_period", "values": [ 1.0 ]}
                    ]
                }
            ],
            "output": "0"
        },
        {
            "program": "luminance:post/gaussian",
            "inputs": [
                {
                    "sampler_name": "In",
                    "target": "0"
                }
            ],
            "output": "1",
            "uniforms": [
                {
                    "name": "BlurDir",
                    "values": [ 1.0, 0.0 ]
                },
                {
                    "name": "Radius",
                    "values": [ 3.0 ]
                }
            ]
        },
        {
            "program": "minecraft:post/phosphor",
            "inputs": [
                {
                    "sampler_name": "In",
                    "target": "minecraft:main"
                },
                {
                    "sampler_name": "Prev",
                    "target": "1"
                }
            ],
            "uniforms": [
                {
                    "name": "Phosphor",
                    "values": [ 5.0, 5.0, 5.0 ]
                }
            ],
            "output": "0"
        },
        {
            "program": "minecraft:post/blit",
            "inputs": [
                {
                    "sampler_name": "In",
                    "target": "0"
                }
            ],
            "output": "minecraft:main"
        }
    ]
}